
/piante         /piante/      301
/lavori         /lavori/      301
/contatti         /contatti/      301
/servizi-2        /    301
/vivaio        /azienda/    301
/azienda        /azienda/    301


/aiuole         /servizi/aiuole/    301
/prati          /servizi/prati/      301
/allestimenti-eventi          /servizi/allestimenti-eventi/      301
/trattamenti-fitosanitari          /servizi/allestimenti-eventi/     301
/impianti-irrigazione         /servizi/impianti-irrigazione/    301
/potatura-aerea-2         /servizi/potatura-aerea/      301
/endoterapia        /servizi/endoterapia/    301
/parchi-e-giardini          /servizi/parchi-e-giardini/    301
/parchi-e-giardini          /servizi/parchi-e-giardini/    301
/lavori-vari        /servizi/lavori-vari/    301

/servizi/aiuole         /servizi/aiuole/    301



